<?xml version="1.0" encoding="UTF-8"?>
<plugin_manifest xmlns="http://www.elgg.org/plugin_manifest/1.8">
	<name>OAuth API</name>
	<author>Core developers</author>
	<version>1.8</version>
	<description>Provides OAuth libraries and API support.</description>
	<category>bundled</category>
	<category>api</category>
	<website>http://www.elgg.org/</website>
	<copyright>See COPYRIGHT.txt</copyright>
	<license>GNU General Public License version 2</license>
	<requires>
		<type>elgg_release</type>
		<version>1.8</version>
	</requires>

	<conflicts>
		<type>plugin</type>
		<name>oauth_lib</name>
	</conflicts>
	<conflicts>
		<type>php_extension</type>
		<name>oauth</name>
	</conflicts>
</plugin_manifest>
