<?xml version="1.0" encoding="UTF-8"?>
<plugin_manifest xmlns="http://www.elgg.org/plugin_manifest/1.8">
	<name>hypeFramework</name>
	<author>Ismayil Khayredinov (hypeJunction)</author>
	<version>1.8.5</version>
	<category>development</category>
	<blurb>hypeJunction Core</blurb>
	<description>Creates a framework for hypeJunction plugins, including reusable views, scripts, actions</description>
	<website>http://hypeJunction.com</website>
	<copyright>See lisence.txt</copyright>
	<license>GNU Public License version 2</license>
	<requires>
		<type>elgg_version</type>
		<version>2011123101</version>
	</requires>
	<admin_interface>simple</admin_interface>
	<activate_on_install>false</activate_on_install>
</plugin_manifest>
