<?xml version="1.0" encoding="UTF-8"?>
<plugin_manifest xmlns="http://www.elgg.org/plugin_manifest/1.8">
	<name>Overlay</name>
	<author>Fatxi</author>
	<version>1.0</version>
	<description>Lesson 7: Demonstrates how to include external JavaScript files</description>
	<website>http://www.elgg.org/</website>
	<copyright>Cash Costello 2011</copyright>
	<license>GNU General Public License version 2</license>
	<requires>
		<type>elgg_release</type>
		<version>1.8</version>
	</requires>
</plugin_manifest>
