<?xml version="1.0" encoding="UTF-8"?>
<plugin_manifest xmlns="http://www.elgg.org/plugin_manifest/1.8">
	<name>HTMLawed</name>
	<author>Core developers</author>
	<version>1.5</version>
	<category>bundled</category>
	<category>security</category>
	<description>Provides security filtering. Disabling this plugin is extremely insecure. DO NOT DISABLE.</description>
	<website>http://www.elgg.org/</website>
	<copyright>See COPYRIGHT.txt</copyright>
	<license>GNU General Public License version 3</license>
	<requires>
		<type>elgg_release</type>
		<version>1.8</version>
	</requires>
	<activate_on_install>true</activate_on_install>
</plugin_manifest>
