<?xml version="1.0" encoding="UTF-8"?>
<plugin_manifest xmlns="http://www.elgg.org/plugin_manifest/1.8">
	<name>Profile Manager</name>
	<author>ColdTrick IT Solutions</author>
	<version>7.3</version>
	<description>Provides better use of profile fields, replaces (replace profile fields) and configurable group fields.</description>
	<website>http://www.coldtrick.com/</website>
	<copyright>(C) ColdTrick IT Solutions 2009 - 2012</copyright>
	<license>GNU Public License version 2</license>
 	
 	<requires>
		<type>elgg_version</type>
		<version>2011110700</version>
	</requires>
	<requires>
		<type>plugin</type>
		<name>profile</name>
	</requires>
	
	<requires>
		<type>priority</type>
		<plugin>profile</plugin>
		<priority>after</priority>
	</requires>
	
	<suggests>
		<type>plugin</type>
		<name>groups</name>
	</suggests>
	
	<suggests>
		<type>priority</type>
		<plugin>groups</plugin>
		<priority>after</priority>
	</suggests>
 
	<screenshot>
		<description>Edit Profile Fields</description>
		<path>screenshots/edit_profile_fields.png</path>
	</screenshot>

	<screenshot>
		<description>New Profile Field</description>
		<path>screenshots/new_profile_field.png</path>
	</screenshot>

	<screenshot>
		<description>Accordion Profile View</description>
		<path>screenshots/accordion_profile_view.png</path>
	</screenshot>
 	
 	<category>ColdTrick</category>
</plugin_manifest>