<?xml version="1.0" encoding="UTF-8"?>
<plugin_manifest xmlns="http://www.elgg.org/plugin_manifest/1.8">
    <name>hypeAlive</name>
    <author>Ismayil Khayredinov (hypeJunction)</author>
    <version>1.8.5</version>
    <category>enhancements</category>
    <blurb>hypeAlive - Real-Time Functionalities for Elgg</blurb>
    <description>Creates an AJAX commenting and feed system for Elgg</description>
    <website>http://hypeJunction.com</website>
    <copyright>See lisence.txt</copyright>
    <license>GNU Public License version 2</license>
    <requires>
        <type>elgg_version</type>
		<version>2011123101</version>
    </requires>
    <requires>
        <type>plugin</type>
        <name>hypeFramework</name>
        <version>1.8.5</version>
    </requires>
    <conflicts>
        <type>plugin</type>
        <name>private_river</name>
    </conflicts>
    <admin_interface>simple</admin_interface>
    <activate_on_install>false</activate_on_install>
</plugin_manifest>
