<?xml version="1.0" encoding="UTF-8"?>
<plugin_manifest xmlns="http://www.elgg.org/plugin_manifest/1.8">
	<name>Embed</name>
	<author>Core developers</author>
	<version>1.8.1</version>
	<category>bundled</category>
	<category>enhancement</category>
	<description>Allows users to easily upload and embed media into text areas.</description>
	<website>http://www.elgg.org/</website>
	<copyright>See COPYRIGHT.txt</copyright>
	<license>GNU General Public License version 2</license>
	<requires>
		<type>elgg_release</type>
		<version>1.8</version>
	</requires>
	<suggests>
		<type>plugin</type>
		<name>file</name>
		<version>1.8.1</version>
	</suggests>
	<activate_on_install>true</activate_on_install>
</plugin_manifest>
